product_id,product_name,category,price
P0001,Fashion Item 01,Fashion,34.39
P0002,Sports Item 01,Sports,36.02
P0003,Grocery Item 01,Grocery,13.65
P0004,Fashion Item 02,Fashion,57.6
P0005,Electronics Item 01,Electronics,93.82
P0006,Pet Care Item 01,Pet Care,16.62
P0007,Fashion Item 03,Fashion,52.64
P0008,Fashion Item 04,Fashion,38.81
P0009,Home Item 01,Home,83.83
P0010,Sports Item 02,Sports,41.27
P0011,Beauty Item 01,Beauty,13.83
P0012,Pet Care Item 02,Pet Care,10.81
P0013,Books Item 01,Books,33.63
P0014,Grocery Item 02,Grocery,26.06
P0015,Sports Item 03,Sports,35.05
P0016,Home Item 02,Home,35.35
P0017,Books Item 02,Books,30.88
P0018,Electronics Item 02,Electronics,51.65
P0019,Grocery Item 03,Grocery,8.02
P0020,Books Item 03,Books,21.37
P0021,Fashion Item 05,Fashion,26.79
P0022,Beauty Item 02,Beauty,23.94
P0023,Pet Care Item 03,Pet Care,18.58
P0024,Grocery Item 04,Grocery,13.97
P0025,Fashion Item 06,Fashion,60.29
P0026,Home Item 03,Home,43.75
P0027,Sports Item 04,Sports,50.77
P0028,Electronics Item 03,Electronics,33.79
P0029,Home Item 04,Home,41.09
P0030,Fashion Item 07,Fashion,21.9
P0031,Fashion Item 08,Fashion,18.49
P0032,Pet Care Item 04,Pet Care,13.47
P0033,Beauty Item 03,Beauty,20.65
P0034,Beauty Item 04,Beauty,36.24
P0035,Sports Item 05,Sports,20.92
P0036,Home Item 05,Home,42.58
P0037,Home Item 06,Home,33.78
P0038,Sports Item 06,Sports,32.79
P0039,Home Item 07,Home,65.95
P0040,Fashion Item 09,Fashion,40.77
P0041,Sports Item 07,Sports,69.37
P0042,Grocery Item 05,Grocery,11.19
P0043,Fashion Item 10,Fashion,23.4
P0044,Beauty Item 05,Beauty,21.7
P0045,Grocery Item 06,Grocery,13.38
P0046,Grocery Item 07,Grocery,12.99
P0047,Beauty Item 06,Beauty,14.73
P0048,Beauty Item 07,Beauty,25.0
P0049,Fashion Item 11,Fashion,35.46
P0050,Home Item 08,Home,130.39
P0051,Home Item 09,Home,97.73
P0052,Electronics Item 04,Electronics,57.9
P0053,Fashion Item 12,Fashion,28.12
P0054,Fashion Item 13,Fashion,16.56
P0055,Fashion Item 14,Fashion,24.53
P0056,Fashion Item 15,Fashion,36.88
P0057,Sports Item 08,Sports,65.38
P0058,Books Item 04,Books,11.52
P0059,Home Item 10,Home,31.29
P0060,Electronics Item 05,Electronics,32.34
P0061,Fashion Item 16,Fashion,29.74
P0062,Sports Item 09,Sports,23.56
P0063,Books Item 05,Books,12.61
P0064,Fashion Item 17,Fashion,21.57
P0065,Books Item 06,Books,15.34
P0066,Books Item 07,Books,7.25
P0067,Books Item 08,Books,8.27
P0068,Beauty Item 08,Beauty,62.57
P0069,Electronics Item 06,Electronics,47.62
P0070,Sports Item 10,Sports,23.2
P0071,Home Item 11,Home,95.99
P0072,Beauty Item 09,Beauty,88.71
P0073,Grocery Item 08,Grocery,7.08
P0074,Home Item 12,Home,35.59
P0075,Electronics Item 07,Electronics,99.12
P0076,Beauty Item 10,Beauty,52.25
P0077,Beauty Item 11,Beauty,15.39
P0078,Fashion Item 18,Fashion,28.66
P0079,Books Item 09,Books,22.7
P0080,Fashion Item 19,Fashion,38.92
P0081,Fashion Item 20,Fashion,27.02
P0082,Beauty Item 12,Beauty,22.6
P0083,Grocery Item 09,Grocery,6.46
P0084,Home Item 13,Home,37.73
P0085,Electronics Item 08,Electronics,75.4
P0086,Electronics Item 09,Electronics,94.36
P0087,Fashion Item 21,Fashion,24.92
P0088,Sports Item 11,Sports,46.98
P0089,Home Item 14,Home,66.25
P0090,Sports Item 12,Sports,40.75
P0091,Home Item 15,Home,49.2
P0092,Fashion Item 22,Fashion,32.77
P0093,Sports Item 13,Sports,38.0
P0094,Beauty Item 13,Beauty,17.35
P0095,Beauty Item 14,Beauty,27.67
P0096,Books Item 10,Books,15.31
P0097,Beauty Item 15,Beauty,61.56
P0098,Electronics Item 10,Electronics,172.55
P0099,Electronics Item 11,Electronics,101.12
P0100,Pet Care Item 05,Pet Care,14.19
P0101,Grocery Item 10,Grocery,7.27
P0102,Fashion Item 23,Fashion,54.69
P0103,Home Item 16,Home,47.27
P0104,Pet Care Item 06,Pet Care,24.82
P0105,Fashion Item 24,Fashion,14.59
P0106,Fashion Item 25,Fashion,48.57
P0107,Sports Item 14,Sports,46.62
P0108,Home Item 17,Home,25.48
P0109,Electronics Item 12,Electronics,68.75
P0110,Grocery Item 11,Grocery,13.51
P0111,Sports Item 15,Sports,38.91
P0112,Home Item 18,Home,36.83
P0113,Beauty Item 16,Beauty,22.91
P0114,Books Item 11,Books,14.28
P0115,Home Item 19,Home,44.98
P0116,Grocery Item 12,Grocery,23.27
P0117,Fashion Item 26,Fashion,10.08
P0118,Fashion Item 27,Fashion,28.76
P0119,Sports Item 16,Sports,41.14
P0120,Books Item 12,Books,18.28
P0121,Books Item 13,Books,13.53
P0122,Books Item 14,Books,7.26
P0123,Electronics Item 13,Electronics,98.52
P0124,Sports Item 17,Sports,82.67
P0125,Electronics Item 14,Electronics,42.62
P0126,Sports Item 18,Sports,56.05
P0127,Beauty Item 17,Beauty,20.7
P0128,Home Item 20,Home,40.86
P0129,Electronics Item 15,Electronics,52.92
P0130,Books Item 15,Books,13.76
P0131,Home Item 21,Home,75.39
P0132,Pet Care Item 07,Pet Care,26.0
P0133,Books Item 16,Books,34.89
P0134,Beauty Item 18,Beauty,40.77
P0135,Books Item 17,Books,19.5
P0136,Electronics Item 16,Electronics,186.31
P0137,Pet Care Item 08,Pet Care,24.37
P0138,Sports Item 19,Sports,55.16
P0139,Fashion Item 28,Fashion,28.0
P0140,Electronics Item 17,Electronics,87.58
P0141,Sports Item 20,Sports,27.76
P0142,Sports Item 21,Sports,59.32
P0143,Pet Care Item 09,Pet Care,11.77
P0144,Books Item 18,Books,22.75
P0145,Sports Item 22,Sports,34.88
P0146,Home Item 22,Home,71.15
P0147,Beauty Item 19,Beauty,33.65
P0148,Sports Item 23,Sports,86.22
P0149,Sports Item 24,Sports,52.8
P0150,Electronics Item 18,Electronics,41.9
P0151,Grocery Item 13,Grocery,11.64
P0152,Grocery Item 14,Grocery,7.08
P0153,Home Item 23,Home,33.26
P0154,Books Item 19,Books,31.58
P0155,Electronics Item 19,Electronics,113.24
P0156,Fashion Item 29,Fashion,23.36
P0157,Beauty Item 20,Beauty,15.21
P0158,Fashion Item 30,Fashion,32.48
P0159,Fashion Item 31,Fashion,18.51
P0160,Fashion Item 32,Fashion,23.66
P0161,Electronics Item 20,Electronics,97.81
P0162,Grocery Item 15,Grocery,20.18
P0163,Home Item 24,Home,55.24
P0164,Electronics Item 21,Electronics,30.31
P0165,Books Item 20,Books,18.35
P0166,Beauty Item 21,Beauty,24.79
P0167,Grocery Item 16,Grocery,14.46
P0168,Grocery Item 17,Grocery,24.83
P0169,Beauty Item 22,Beauty,9.48
P0170,Pet Care Item 10,Pet Care,15.33
P0171,Beauty Item 23,Beauty,31.31
P0172,Sports Item 25,Sports,18.65
P0173,Home Item 25,Home,81.6
P0174,Pet Care Item 11,Pet Care,23.61
P0175,Home Item 26,Home,61.48
P0176,Electronics Item 22,Electronics,65.74
P0177,Sports Item 26,Sports,54.8
P0178,Pet Care Item 12,Pet Care,32.35
P0179,Grocery Item 18,Grocery,13.33
P0180,Fashion Item 33,Fashion,35.56
